{"cameraMode":{"drawMode":0,"name":"Shaded","section":"Shading Mode"},"sceneLighting":false,"audioPlay":false,"sceneViewState":{"showFog":true,"showMaterialUpdate":false,"showSkybox":true,"showFlares":true,"showImageEffects":true,"showParticleSystems":true},"in2DMode":false,"pivot":{"x":0.8030176162719727,"y":0.5536384582519531,"z":-0.7902498245239258},"rotation":{"x":-0.07998467981815338,"y":0.9111984968185425,"z":-0.2117270827293396,"w":-0.34422585368156435},"size":19.937026977539064,"orthographic":false}