{"cameraMode":{"drawMode":0,"name":"Shaded","section":"Shading Mode"},"sceneLighting":true,"audioPlay":false,"sceneViewState":{"showFog":true,"showMaterialUpdate":true,"showSkybox":true,"showFlares":true,"showImageEffects":true,"showParticleSystems":true},"in2DMode":false,"pivot":{"x":-1.746950626373291,"y":-3.5472521781921388,"z":2.5682754516601564},"rotation":{"x":-0.38168400526046755,"y":0.02827438712120056,"z":-0.011682095006108284,"w":-0.923786461353302},"size":15.687887191772461,"orthographic":false}