{"cameraMode":{"drawMode":0,"name":"Shaded","section":"Shading Mode"},"sceneLighting":false,"audioPlay":false,"sceneViewState":{"showFog":true,"showMaterialUpdate":true,"showSkybox":false,"showFlares":true,"showImageEffects":true,"showParticleSystems":true},"in2DMode":false,"pivot":{"x":0.011079907417297364,"y":0.1052100658416748,"z":0.21456539630889893},"rotation":{"x":-0.29246431589126589,"y":0.499737411737442,"z":-0.1840117871761322,"w":-0.7942712903022766},"size":2.1578807830810549,"orthographic":false}